<?xml version="1.0" encoding="utf-8" ?>
<dwsync>
<file name="arrow.png" server="ftp.d1069689-3143.cp.irishdomains.com//webspace/httpdocs/Platform.buildmyunicorn.com/" local="132357414350000000" remote="132406748400000000" Dst="2" />
<file name="bell.png" server="ftp.d1069689-3143.cp.irishdomains.com//webspace/httpdocs/Platform.buildmyunicorn.com/" local="132356563680000000" remote="132406748400000000" Dst="2" />
<file name="buil-my-unicorn-logo.png" server="ftp.d1069689-3143.cp.irishdomains.com//webspace/httpdocs/Platform.buildmyunicorn.com/" local="132356416240000000" remote="132406748400000000" Dst="2" />
<file name="buil-my-unicorn.png" server="ftp.d1069689-3143.cp.irishdomains.com//webspace/httpdocs/Platform.buildmyunicorn.com/" local="132356416260000000" remote="132406748400000000" Dst="2" />
<file name="Build-My-Unicorn-login-bg.jpg" server="ftp.d1069689-3143.cp.irishdomains.com//webspace/httpdocs/Platform.buildmyunicorn.com/" local="132356416260000000" remote="132406748400000000" Dst="2" />
<file name="callus.html" server="ftp.d1069689-3143.cp.irishdomains.com//webspace/httpdocs/Platform.buildmyunicorn.com/" local="132406730118206490" remote="132406748400000000" Dst="2" />
<file name="cancel.png" server="ftp.d1069689-3143.cp.irishdomains.com//webspace/httpdocs/Platform.buildmyunicorn.com/" local="132387779860000000" remote="132406748400000000" Dst="2" />
<file name="checklist-icon.png" server="ftp.d1069689-3143.cp.irishdomains.com//webspace/httpdocs/Platform.buildmyunicorn.com/" local="132380759050000000" remote="132406748400000000" Dst="2" />
<file name="clock.png" server="ftp.d1069689-3143.cp.irishdomains.com//webspace/httpdocs/Platform.buildmyunicorn.com/" local="132391773320000000" remote="132406748400000000" Dst="2" />
<file name="close-alt.png" server="ftp.d1069689-3143.cp.irishdomains.com//webspace/httpdocs/Platform.buildmyunicorn.com/" local="132360979840000000" remote="132406748400000000" Dst="2" />
<file name="computing.png" server="ftp.d1069689-3143.cp.irishdomains.com//webspace/httpdocs/Platform.buildmyunicorn.com/" local="132356416270000000" remote="132406748400000000" Dst="2" />
<file name="download-icon.png" server="ftp.d1069689-3143.cp.irishdomains.com//webspace/httpdocs/Platform.buildmyunicorn.com/" local="132361851130000000" remote="132406748400000000" Dst="2" />
<file name="facebook.png" server="ftp.d1069689-3143.cp.irishdomains.com//webspace/httpdocs/Platform.buildmyunicorn.com/" local="132356416210000000" remote="132406748400000000" Dst="2" />
<file name="favorite.png" server="ftp.d1069689-3143.cp.irishdomains.com//webspace/httpdocs/Platform.buildmyunicorn.com/" local="132391773330000000" remote="132406748400000000" Dst="2" />
<file name="folder-icon.png" server="ftp.d1069689-3143.cp.irishdomains.com//webspace/httpdocs/Platform.buildmyunicorn.com/" local="132356416260000000" remote="132406748400000000" Dst="2" />
<file name="fsb_logo.png" server="ftp.d1069689-3143.cp.irishdomains.com//webspace/httpdocs/Platform.buildmyunicorn.com/" local="132391773350000000" remote="132406748400000000" Dst="2" />
<file name="fusion.png" server="ftp.d1069689-3143.cp.irishdomains.com//webspace/httpdocs/Platform.buildmyunicorn.com/" local="132360979820000000" remote="132406748400000000" Dst="2" />
<file name="gov-logo-1.jpg" server="ftp.d1069689-3143.cp.irishdomains.com//webspace/httpdocs/Platform.buildmyunicorn.com/" local="132391773350000000" remote="132406748400000000" Dst="2" />
<file name="govuk.png" server="ftp.d1069689-3143.cp.irishdomains.com//webspace/httpdocs/Platform.buildmyunicorn.com/" local="132391773340000000" remote="132406748400000000" Dst="2" />
<file name="hands-and-gestures.png" server="ftp.d1069689-3143.cp.irishdomains.com//webspace/httpdocs/Platform.buildmyunicorn.com/" local="132356416270000000" remote="132406748400000000" Dst="2" />
<file name="help-icon.png" server="ftp.d1069689-3143.cp.irishdomains.com//webspace/httpdocs/Platform.buildmyunicorn.com/" local="132356416270000000" remote="132406748400000000" Dst="2" />
<file name="idea-Buildmyunicorn.png" server="ftp.d1069689-3143.cp.irishdomains.com//webspace/httpdocs/Platform.buildmyunicorn.com/" local="132356416270000000" remote="132406748400000000" Dst="2" />
<file name="inc-ireland.png" server="ftp.d1069689-3143.cp.irishdomains.com//webspace/httpdocs/Platform.buildmyunicorn.com/" local="132360979830000000" remote="132406748400000000" Dst="2" />
<file name="info-icon-fill.png" server="ftp.d1069689-3143.cp.irishdomains.com//webspace/httpdocs/Platform.buildmyunicorn.com/" local="132361851120000000" remote="132406748400000000" Dst="2" />
<file name="info-icon.png" server="ftp.d1069689-3143.cp.irishdomains.com//webspace/httpdocs/Platform.buildmyunicorn.com/" local="132361851120000000" remote="132406748400000000" Dst="2" />
<file name="instagram.png" server="ftp.d1069689-3143.cp.irishdomains.com//webspace/httpdocs/Platform.buildmyunicorn.com/" local="132356428520000000" remote="132406748400000000" Dst="2" />
<file name="linkedin.png" server="ftp.d1069689-3143.cp.irishdomains.com//webspace/httpdocs/Platform.buildmyunicorn.com/" local="132356416200000000" remote="132406748400000000" Dst="2" />
<file name="lock.png" server="ftp.d1069689-3143.cp.irishdomains.com//webspace/httpdocs/Platform.buildmyunicorn.com/" local="132364228340000000" remote="132406748400000000" Dst="2" />
<file name="next-green.png" server="ftp.d1069689-3143.cp.irishdomains.com//webspace/httpdocs/Platform.buildmyunicorn.com/" local="132364228350000000" remote="132406748400000000" Dst="2" />
<file name="next.png" server="ftp.d1069689-3143.cp.irishdomains.com//webspace/httpdocs/Platform.buildmyunicorn.com/" local="132356416280000000" remote="132406748400000000" Dst="2" />
<file name="oracle-startup.png" server="ftp.d1069689-3143.cp.irishdomains.com//webspace/httpdocs/Platform.buildmyunicorn.com/" local="132375532870000000" remote="132406748400000000" Dst="2" />
<file name="payment.html" server="ftp.d1069689-3143.cp.irishdomains.com//webspace/httpdocs/Platform.buildmyunicorn.com/" local="132406730118216476" remote="132406748400000000" Dst="2" />
<file name="pdf2.png" server="ftp.d1069689-3143.cp.irishdomains.com//webspace/httpdocs/Platform.buildmyunicorn.com/" local="132360979830000000" remote="132406748400000000" Dst="2" />
<file name="plus.png" server="ftp.d1069689-3143.cp.irishdomains.com//webspace/httpdocs/Platform.buildmyunicorn.com/" local="132360979840000000" remote="132406748400000000" Dst="2" />
<file name="research.png" server="ftp.d1069689-3143.cp.irishdomains.com//webspace/httpdocs/Platform.buildmyunicorn.com/" local="132356416270000000" remote="132406748400000000" Dst="2" />
<file name="right-green.png" server="ftp.d1069689-3143.cp.irishdomains.com//webspace/httpdocs/Platform.buildmyunicorn.com/" local="132360979830000000" remote="132406748400000000" Dst="2" />
<file name="robot-mascot-logo.png" server="ftp.d1069689-3143.cp.irishdomains.com//webspace/httpdocs/Platform.buildmyunicorn.com/" local="132372956040000000" remote="132406748400000000" Dst="2" />
<file name="signs.png" server="ftp.d1069689-3143.cp.irishdomains.com//webspace/httpdocs/Platform.buildmyunicorn.com/" local="132356416210000000" remote="132406748400000000" Dst="2" />
<file name="squarespace_logo.png" server="ftp.d1069689-3143.cp.irishdomains.com//webspace/httpdocs/Platform.buildmyunicorn.com/" local="132375532880000000" remote="132406748400000000" Dst="2" />
<file name="stars-5.svg" server="ftp.d1069689-3143.cp.irishdomains.com//webspace/httpdocs/Platform.buildmyunicorn.com/" local="132391773350000000" remote="132406748400000000" Dst="2" />
<file name="startup-hub.png" server="ftp.d1069689-3143.cp.irishdomains.com//webspace/httpdocs/Platform.buildmyunicorn.com/" local="132360979820000000" remote="132406748400000000" Dst="2" />
<file name="trustpoilet-score.jpg" server="ftp.d1069689-3143.cp.irishdomains.com//webspace/httpdocs/Platform.buildmyunicorn.com/" local="132391773330000000" remote="132406748400000000" Dst="2" />
<file name="twitter.png" server="ftp.d1069689-3143.cp.irishdomains.com//webspace/httpdocs/Platform.buildmyunicorn.com/" local="132356416210000000" remote="132406748400000000" Dst="2" />
<file name="user.png" server="ftp.d1069689-3143.cp.irishdomains.com//webspace/httpdocs/Platform.buildmyunicorn.com/" local="132356416210000000" remote="132406748400000000" Dst="2" />
<file name="varistha-supplier.jpg" server="ftp.d1069689-3143.cp.irishdomains.com//webspace/httpdocs/Platform.buildmyunicorn.com/" local="132391773340000000" remote="132406748400000000" Dst="2" />
<file name="wix.jpg" server="ftp.d1069689-3143.cp.irishdomains.com//webspace/httpdocs/Platform.buildmyunicorn.com/" local="132375532880000000" remote="132406748400000000" Dst="2" />
<file name="youtube.png" server="ftp.d1069689-3143.cp.irishdomains.com//webspace/httpdocs/Platform.buildmyunicorn.com/" local="132356416200000000" remote="132406748400000000" Dst="2" />
</dwsync>