<?xml version="1.0" encoding="utf-8" ?>
<dwsync>
<file name="apply-for-funding.html" server="ftp.d1069689-3143.cp.irishdomains.com//webspace/httpdocs/Platform.buildmyunicorn.com/" local="132387779240000000" remote="132406748400000000" Dst="2" />
<file name="brand-edit.html" server="ftp.d1069689-3143.cp.irishdomains.com//webspace/httpdocs/Platform.buildmyunicorn.com/" local="132387779240000000" remote="132406748400000000" Dst="2" />
<file name="brand.html" server="ftp.d1069689-3143.cp.irishdomains.com//webspace/httpdocs/Platform.buildmyunicorn.com/" local="132387779390000000" remote="132406748400000000" Dst="2" />
<file name="business-plan-bringProfessional-list.html" server="ftp.d1069689-3143.cp.irishdomains.com//webspace/httpdocs/Platform.buildmyunicorn.com/" local="132387779390000000" remote="132406748400000000" Dst="2" />
<file name="business-plan-bringProfessional.html" server="ftp.d1069689-3143.cp.irishdomains.com//webspace/httpdocs/Platform.buildmyunicorn.com/" local="132406864114460450" remote="132406828200000000" Dst="2" />
<file name="business-plan-doitmyself.html" server="ftp.d1069689-3143.cp.irishdomains.com//webspace/httpdocs/Platform.buildmyunicorn.com/" local="132387779380000000" remote="132406748400000000" Dst="2" />
<file name="business-plan-overview.html" server="ftp.d1069689-3143.cp.irishdomains.com//webspace/httpdocs/Platform.buildmyunicorn.com/" local="132387779370000000" remote="132406748400000000" Dst="2" />
<file name="business-plan.html" server="ftp.d1069689-3143.cp.irishdomains.com//webspace/httpdocs/Platform.buildmyunicorn.com/" local="132387779370000000" remote="132406748400000000" Dst="2" />
<file name="checklist.html" server="ftp.d1069689-3143.cp.irishdomains.com//webspace/httpdocs/Platform.buildmyunicorn.com/" local="132387779360000000" remote="132406748400000000" Dst="2" />
<file name="cloud-platform-edit.html" server="ftp.d1069689-3143.cp.irishdomains.com//webspace/httpdocs/Platform.buildmyunicorn.com/" local="132387779360000000" remote="132406748400000000" Dst="2" />
<file name="cloud-platform.html" server="ftp.d1069689-3143.cp.irishdomains.com//webspace/httpdocs/Platform.buildmyunicorn.com/" local="132387779350000000" remote="132406748400000000" Dst="2" />
<file name="company-setup-doitmyself.html" server="ftp.d1069689-3143.cp.irishdomains.com//webspace/httpdocs/Platform.buildmyunicorn.com/" local="132387779350000000" remote="132406748400000000" Dst="2" />
<file name="company-setup-edit.html" server="ftp.d1069689-3143.cp.irishdomains.com//webspace/httpdocs/Platform.buildmyunicorn.com/" local="132387779350000000" remote="132406748400000000" Dst="2" />
<file name="company-setup-enterdetails.html" server="ftp.d1069689-3143.cp.irishdomains.com//webspace/httpdocs/Platform.buildmyunicorn.com/" local="132387779340000000" remote="132406748400000000" Dst="2" />
<file name="company-setup-professionals.html" server="ftp.d1069689-3143.cp.irishdomains.com//webspace/httpdocs/Platform.buildmyunicorn.com/" local="132387779340000000" remote="132406748400000000" Dst="2" />
<file name="company-setup.html" server="ftp.d1069689-3143.cp.irishdomains.com//webspace/httpdocs/Platform.buildmyunicorn.com/" local="132387779340000000" remote="132406748400000000" Dst="2" />
<file name="dashboard.html" server="ftp.d1069689-3143.cp.irishdomains.com//webspace/httpdocs/Platform.buildmyunicorn.com/" local="132391772290000000" remote="132406748400000000" Dst="2" />
<file name="finance-document.html" server="ftp.d1069689-3143.cp.irishdomains.com//webspace/httpdocs/Platform.buildmyunicorn.com/" local="132387779330000000" remote="132406748400000000" Dst="2" />
<file name="finance.html" server="ftp.d1069689-3143.cp.irishdomains.com//webspace/httpdocs/Platform.buildmyunicorn.com/" local="132387779330000000" remote="132406748400000000" Dst="2" />
<file name="finding-talent-edit.html" server="ftp.d1069689-3143.cp.irishdomains.com//webspace/httpdocs/Platform.buildmyunicorn.com/" local="132387779320000000" remote="132406748400000000" Dst="2" />
<file name="finding-talent.html" server="ftp.d1069689-3143.cp.irishdomains.com//webspace/httpdocs/Platform.buildmyunicorn.com/" local="132387779320000000" remote="132406748400000000" Dst="2" />
<file name="landing.html" server="ftp.d1069689-3143.cp.irishdomains.com//webspace/httpdocs/Platform.buildmyunicorn.com/" local="132399014160000000" remote="132406748400000000" Dst="2" />
<file name="legal-document.html" server="ftp.d1069689-3143.cp.irishdomains.com//webspace/httpdocs/Platform.buildmyunicorn.com/" local="132387779320000000" remote="132406748400000000" Dst="2" />
<file name="legal.html" server="ftp.d1069689-3143.cp.irishdomains.com//webspace/httpdocs/Platform.buildmyunicorn.com/" local="132387779310000000" remote="132406748400000000" Dst="2" />
<file name="login.html" server="ftp.d1069689-3143.cp.irishdomains.com//webspace/httpdocs/Platform.buildmyunicorn.com/" local="132364227970000000" remote="132406748400000000" Dst="2" />
<file name="market-research-dashboard.html" server="ftp.d1069689-3143.cp.irishdomains.com//webspace/httpdocs/Platform.buildmyunicorn.com/" local="132387779310000000" remote="132406748400000000" Dst="2" />
<file name="market-research-validate.html" server="ftp.d1069689-3143.cp.irishdomains.com//webspace/httpdocs/Platform.buildmyunicorn.com/" local="132387779310000000" remote="132406748400000000" Dst="2" />
<file name="market-research.html" server="ftp.d1069689-3143.cp.irishdomains.com//webspace/httpdocs/Platform.buildmyunicorn.com/" local="132387779310000000" remote="132406748400000000" Dst="2" />
<file name="marketing-plan-edit.html" server="ftp.d1069689-3143.cp.irishdomains.com//webspace/httpdocs/Platform.buildmyunicorn.com/" local="132387779300000000" remote="132406748400000000" Dst="2" />
<file name="marketing-plan.html" server="ftp.d1069689-3143.cp.irishdomains.com//webspace/httpdocs/Platform.buildmyunicorn.com/" local="132387779300000000" remote="132406748400000000" Dst="2" />
<file name="myidea-edit.html" server="ftp.d1069689-3143.cp.irishdomains.com//webspace/httpdocs/Platform.buildmyunicorn.com/" local="132387779290000000" remote="132406748400000000" Dst="2" />
<file name="myidea-view.html" server="ftp.d1069689-3143.cp.irishdomains.com//webspace/httpdocs/Platform.buildmyunicorn.com/" local="132387779290000000" remote="132406748400000000" Dst="2" />
<file name="online-presence-edit.html" server="ftp.d1069689-3143.cp.irishdomains.com//webspace/httpdocs/Platform.buildmyunicorn.com/" local="132387779280000000" remote="132406748400000000" Dst="2" />
<file name="online-presence.html" server="ftp.d1069689-3143.cp.irishdomains.com//webspace/httpdocs/Platform.buildmyunicorn.com/" local="132387779270000000" remote="132406748400000000" Dst="2" />
<file name="pitch-deck-document.html" server="ftp.d1069689-3143.cp.irishdomains.com//webspace/httpdocs/Platform.buildmyunicorn.com/" local="132387779270000000" remote="132406748400000000" Dst="2" />
<file name="pitch-deck.html" server="ftp.d1069689-3143.cp.irishdomains.com//webspace/httpdocs/Platform.buildmyunicorn.com/" local="132387779300000000" remote="132406748400000000" Dst="2" />
<file name="popper.html" server="ftp.d1069689-3143.cp.irishdomains.com//webspace/httpdocs/Platform.buildmyunicorn.com/" local="132406726712669527" remote="132406748400000000" Dst="2" />
<file name="signup-success.html" server="ftp.d1069689-3143.cp.irishdomains.com//webspace/httpdocs/Platform.buildmyunicorn.com/" local="132364227960000000" remote="132406748400000000" Dst="2" />
<file name="signup.html" server="ftp.d1069689-3143.cp.irishdomains.com//webspace/httpdocs/Platform.buildmyunicorn.com/" local="132364227960000000" remote="132406748400000000" Dst="2" />
<file name="signup2.html" server="ftp.d1069689-3143.cp.irishdomains.com//webspace/httpdocs/Platform.buildmyunicorn.com/" local="132364227960000000" remote="132406748400000000" Dst="2" />
<file name="supplier-affiliate.html" server="ftp.d1069689-3143.cp.irishdomains.com//webspace/httpdocs/Platform.buildmyunicorn.com/" local="132391859760000000" remote="132406748400000000" Dst="2" />
<file name="supplier-dashboard-edit.html" server="ftp.d1069689-3143.cp.irishdomains.com//webspace/httpdocs/Platform.buildmyunicorn.com/" local="132391859780000000" remote="132406748400000000" Dst="2" />
<file name="supplier-dashboard.html" server="ftp.d1069689-3143.cp.irishdomains.com//webspace/httpdocs/Platform.buildmyunicorn.com/" local="132391859780000000" remote="132406748400000000" Dst="2" />
<file name="supplier-inbox-view.html" server="ftp.d1069689-3143.cp.irishdomains.com//webspace/httpdocs/Platform.buildmyunicorn.com/" local="132391859760000000" remote="132406748400000000" Dst="2" />
<file name="supplier-inbox.html" server="ftp.d1069689-3143.cp.irishdomains.com//webspace/httpdocs/Platform.buildmyunicorn.com/" local="132391859770000000" remote="132406748400000000" Dst="2" />
<file name="supplier-login.html" server="ftp.d1069689-3143.cp.irishdomains.com//webspace/httpdocs/Platform.buildmyunicorn.com/" local="132399003320000000" remote="132406748400000000" Dst="2" />
<file name="supplier-signup-success.html" server="ftp.d1069689-3143.cp.irishdomains.com//webspace/httpdocs/Platform.buildmyunicorn.com/" local="132398865710000000" remote="132406748400000000" Dst="2" />
<file name="supplier-signup.html" server="ftp.d1069689-3143.cp.irishdomains.com//webspace/httpdocs/Platform.buildmyunicorn.com/" local="132399000500000000" remote="132406748400000000" Dst="2" />
<file name="technical-due-diligence-edit.html" server="ftp.d1069689-3143.cp.irishdomains.com//webspace/httpdocs/Platform.buildmyunicorn.com/" local="132387779260000000" remote="132406748400000000" Dst="2" />
<file name="technical-due-diligence.html" server="ftp.d1069689-3143.cp.irishdomains.com//webspace/httpdocs/Platform.buildmyunicorn.com/" local="132387779260000000" remote="132406748400000000" Dst="2" />
<file name="technical-scope-edit.html" server="ftp.d1069689-3143.cp.irishdomains.com//webspace/httpdocs/Platform.buildmyunicorn.com/" local="132387779250000000" remote="132406748400000000" Dst="2" />
<file name="technical-scope.html" server="ftp.d1069689-3143.cp.irishdomains.com//webspace/httpdocs/Platform.buildmyunicorn.com/" local="132387779250000000" remote="132406748400000000" Dst="2" />
<file name="technical-strategy-edit.html" server="ftp.d1069689-3143.cp.irishdomains.com//webspace/httpdocs/Platform.buildmyunicorn.com/" local="132387779240000000" remote="132406748400000000" Dst="2" />
<file name="technical-strategy.html" server="ftp.d1069689-3143.cp.irishdomains.com//webspace/httpdocs/Platform.buildmyunicorn.com/" local="132387779240000000" remote="132406748400000000" Dst="2" />
</dwsync>